FileSystem,WriteTime(s),ReadTime(s),DeleteTime(s),StorageSize(KB)
AES,0.031093486785888625,0.029178950023651076,0.028850343751907304,1730
No_Encryption,0.029645605230331374,0.025896393537521316,0.029455235338211015,1378
PQC,0.03576001729965205,0.03316976203918452,0.028688486385345414,3138
